{"bounds":{"0":[[-80.109734,44.990799],[-57.101109,62.59193]],"1":[[-120.000801,49],[-110.000504,59.995281]],"2":[[-95.154327,41.913319],[-74.324722,56.86895]],"3":[[-138.938599,48.301102],[-114.035301,60.003868]],"4":[[-102.001701,49],[-89.179642,59.99992]],"5":[[-66.900284,43.464439],[-59.809719,47.033329]],"6":[[-69.039711,45.05555],[-63.77639,48.07333]],"7":[[-64.416656,45.94833],[-61.970551,47.061661]],"8":[[-110.001404,49],[-101.367203,60]],"9":[[-67.781952,46.61277],[-52.620281,60.484718]],"10":[[-136.446106,59.988522],[-101.984001,78.75444]],"11":[[-120.66524,51.91444],[-61.078609,83.108322]],"12":[[-141.003006,59.994709],[-123.816902,69.647774]]}}