{"bounds":{"0":[[-3.640622,52.94715],[-1.909622,55.188981]],"1":[[-8.61904800000019,54.63304899999983],[-0.76124350000021,60.84547399999]],"2":[[-2.689785,54.451126],[-0.788417,55.81166]],"3":[[-2.034098,51.977268],[0.357955,53.616366]],"4":[[-2.564739,53.301548],[0.149832,54.562144]],"5":[[-5.32199800000021,51.37990949999985],[-2.65008300000019,53.43144199999983]],"6":[[-3.235564,51.825944],[-1.17214,53.226224]],"7":[[-0.745789,51.448278],[1.768912,52.992704]],"8":[[-0.510377,51.28676],[0.334015,51.691874]],"9":[[-6.41894186581133,49.86463627717806],[-1.485726636049428,52.11257967596974]],"10":[[-1.957277,50.574677],[1.451769,52.196323]],"11":[[-8.1766575000002,54.02288049999984],[-5.4327810000002,55.3123149999998]]}}